PersNum	OrgNumber	GivenName	OrgNumber	Leader	Boss	CostCode	Dutyname	ValidFrom	CostCodeName	Username	EmailAddress
40	5500	Karlos	5500	Mako41	Mako40	1385	Worker	10.08.2020	Foundry	mak40	mak40@makovec.cz
41	5500	Karlos	5500	Mako41	Mako40	1385	Worker	10.08.2020	Foundry	mak41	mak41@makovec.cz
42	5510	Karlos	5510	Mako41	Mako40	1385	Worker	10.08.2020	Foundry	mak42	mak42@makovec.cz
43	5510	Karlos	5510	Mako41	Mako40	1385	Worker	10.08.2020	Foundry	mak43	mak43@makovec.cz
44	5520	Karlos	5520	Mako41	Mako40	1385	Worker	10.08.2020	Foundry	mak44	mak44@makovec.cz
52	5520	Karlos	5520	Mako41	Mako40	1385	Worker	10.08.2020	Foundry	mak52	mak52@makovec.cz
60	5520	Karlos	5520	Mako41	Mako40	1385	Worker	10.08.2020	Foundry	mak60	mak60@makovec.cz
45	5530	Karlos	5530	Mako41	Mako40	1385	Worker	10.08.2020	Foundry	mak45	mak45@makovec.cz
53	5530	Karlos	5530	Mako41	Mako40	1385	Worker	10.08.2020	Foundry	mak53	mak53@makovec.cz
61	5530	Karlos	5530	Mako41	Mako40	1385	Worker	10.08.2020	Foundry	mak61	mak61@makovec.cz
46	5540	Karlos	5540	Mako41	Mako40	1385	Worker	10.08.2020	Foundry	mak46	mak46@makovec.cz
54	5540	Karlos	5540	Mako41	Mako40	1385	Worker	10.08.2020	Foundry	mak54	mak54@makovec.cz
62	5540	Karlos	5540	Mako41	Mako40	1385	Worker	10.08.2020	Foundry	mak62	mak62@makovec.cz
47	5550	Karlos	5550	Mako41	Mako40	1385	Worker	10.08.2020	Foundry	mak47	mak47@makovec.cz
55	5550	Karlos	5550	Mako41	Mako40	1385	Worker	10.08.2020	Foundry	mak55	mak55@makovec.cz
63	5550	Karlos	5550	Mako41	Mako40	1385	Worker	10.08.2020	Foundry	mak63	mak63@makovec.cz
48	5560	Karlos	5560	Mako41	Mako40	1385	Worker	10.08.2020	Foundry	mak48	mak48@makovec.cz
56	5560	Karlos	5560	Mako41	Mako40	1385	Worker	10.08.2020	Foundry	mak56	mak56@makovec.cz
64	5560	Karlos	5560	Mako41	Mako40	1385	Worker	10.08.2020	Foundry	mak64	mak64@makovec.cz
49	5570	Karlos	5570	Mako41	Mako40	1385	Worker	10.08.2020	Foundry	mak49	mak49@makovec.cz
57	5570	Karlos	5570	Mako41	Mako40	1385	Worker	10.08.2020	Foundry	mak57	mak57@makovec.cz
65	5570	Karlos	5570	Mako41	Mako40	1385	Worker	10.08.2020	Foundry	mak65	mak65@makovec.cz
50	5580	Karlos	5580	Mako41	Mako40	1385	Worker	10.08.2020	Foundry	mak50	mak50@makovec.cz
58	5580	Karlos	5580	Mako41	Mako40	1385	Worker	10.08.2020	Foundry	mak58	mak58@makovec.cz
51	5590	Karlos	5590	Mako41	Mako40	1385	Worker	10.08.2020	Foundry	mak51	mak51@makovec.cz
59	5590	Karlos	5590	Mako41	Mako40	1385	Worker	10.08.2020	Foundry	mak59	mak59@makovec.cz
